{"cameraMode":{"drawMode":0,"name":"Shaded","section":"Shading Mode"},"sceneLighting":false,"audioPlay":false,"sceneViewState":{"m_AlwaysRefresh":false,"showFog":true,"showSkybox":false,"showFlares":true,"showImageEffects":true,"showParticleSystems":true,"showVisualEffectGraphs":true,"m_FxEnabled":true},"in2DMode":false,"pivot":{"x":-0.0007352828979492188,"y":0.8968212604522705,"z":-0.00470849871635437},"rotation":{"x":-0.0000450394582003355,"y":0.9907488822937012,"z":0.13577067852020265,"w":0.0002979921700898558},"size":1.3709913492202759,"orthographic":false}