{"cameraMode":{"drawMode":0,"name":"Shaded","section":"Shading Mode"},"sceneLighting":false,"audioPlay":false,"sceneViewState":{"m_AlwaysRefresh":false,"showFog":true,"showSkybox":false,"showFlares":true,"showImageEffects":true,"showParticleSystems":true,"showVisualEffectGraphs":true,"m_FxEnabled":true},"in2DMode":false,"pivot":{"x":1.2551779747009278,"y":0.9287227392196655,"z":0.3181729316711426},"rotation":{"x":-0.010107050649821759,"y":0.988142192363739,"z":-0.07455749809741974,"w":-0.1339120715856552},"size":1.3709913492202759,"orthographic":false}