{"cameraMode":{"drawMode":0,"name":"Shaded","section":"Shading Mode"},"sceneLighting":false,"audioPlay":false,"sceneViewState":{"m_AlwaysRefresh":false,"showFog":true,"showSkybox":false,"showFlares":true,"showImageEffects":true,"showParticleSystems":true,"showVisualEffectGraphs":true,"m_FxEnabled":true},"in2DMode":false,"pivot":{"x":-2.0272269248962404,"y":0.9126307964324951,"z":-0.01171344518661499},"rotation":{"x":0.11209970712661743,"y":-0.0916658267378807,"z":0.010352146811783314,"w":0.9894645810127258},"size":0.1767767071723938,"orthographic":false}