{"cameraMode":{"drawMode":0,"name":"Shaded","section":"Shading Mode"},"sceneLighting":true,"audioPlay":false,"sceneViewState":{"m_AlwaysRefresh":false,"showFog":true,"showSkybox":true,"showFlares":true,"showImageEffects":true,"showParticleSystems":true,"showVisualEffectGraphs":true,"m_FxEnabled":true},"in2DMode":false,"pivot":{"x":-2.738957405090332,"y":-0.6563685536384583,"z":0.2886112332344055},"rotation":{"x":-0.15832331776618958,"y":0.2973504364490509,"z":-0.050049178302288058,"w":-0.9402750134468079},"size":3.646914482116699,"orthographic":false}