{"cameraMode":{"drawMode":0,"name":"Shaded","section":"Shading Mode"},"sceneLighting":true,"audioPlay":false,"sceneViewState":{"m_AlwaysRefresh":false,"showFog":true,"showSkybox":true,"showFlares":true,"showImageEffects":true,"showParticleSystems":true,"showVisualEffectGraphs":true,"m_FxEnabled":true},"in2DMode":false,"pivot":{"x":0.033889640122652057,"y":-0.8788859248161316,"z":4.6618852615356449},"rotation":{"x":0.16055665910243989,"y":0.17287373542785645,"z":-0.028617456555366517,"w":0.9714075326919556},"size":3.9343035221099855,"orthographic":false}