{"cameraMode":{"drawMode":0,"name":"Shaded","section":"Shading Mode"},"sceneLighting":true,"audioPlay":false,"sceneViewState":{"m_AlwaysRefresh":false,"showFog":true,"showSkybox":true,"showFlares":true,"showImageEffects":true,"showParticleSystems":true,"showVisualEffectGraphs":true,"m_FxEnabled":true},"in2DMode":false,"pivot":{"x":0.47369837760925295,"y":0.8427383899688721,"z":0.2578012943267822},"rotation":{"x":0.0029580520931631328,"y":-0.7933350205421448,"z":0.00379484542645514,"w":0.6088746190071106},"size":0.437351256608963,"orthographic":false}