{"cameraMode":{"drawMode":0,"name":"Shaded","section":"Shading Mode"},"sceneLighting":false,"audioPlay":false,"sceneViewState":{"m_AlwaysRefresh":false,"showFog":true,"showSkybox":false,"showFlares":true,"showImageEffects":true,"showParticleSystems":true,"showVisualEffectGraphs":true,"m_FxEnabled":true},"in2DMode":false,"pivot":{"x":-1.7517067193984986,"y":0.07810080051422119,"z":0.2407677173614502},"rotation":{"x":-0.011670675128698349,"y":0.9770369529724121,"z":-0.20550040900707246,"w":-0.05545446649193764},"size":1.9767765998840333,"orthographic":false}