{"cameraMode":{"drawMode":0,"name":"Shaded","section":"Shading Mode"},"sceneLighting":false,"audioPlay":false,"sceneViewState":{"m_AlwaysRefresh":false,"showFog":true,"showSkybox":false,"showFlares":true,"showImageEffects":true,"showParticleSystems":true,"showVisualEffectGraphs":true,"m_FxEnabled":true},"in2DMode":false,"pivot":{"x":-1.8645001649856568,"y":1.007303237915039,"z":-0.02625417709350586},"rotation":{"x":-0.0056628454476594929,"y":0.9942209124565125,"z":-0.08402048796415329,"w":-0.0669100284576416},"size":1.9767765998840333,"orthographic":false}